agent_name,agent_color,game_id,move_number,depth,search_calls
QSearchMinimax(d=2),black,d61141ff,1,-1,12
QSearchMinimax(d=2),black,d61141ff,1,0,122
QSearchMinimax(d=2),black,d61141ff,1,1,20
QSearchMinimax(d=2),black,d61141ff,1,2,1
QSearchMinimax(d=2),black,d61141ff,2,-1,147
QSearchMinimax(d=2),black,d61141ff,2,0,153
QSearchMinimax(d=2),black,d61141ff,2,1,27
QSearchMinimax(d=2),black,d61141ff,2,2,1
QSearchMinimax(d=2),black,d61141ff,3,-1,392
QSearchMinimax(d=2),black,d61141ff,3,0,323
QSearchMinimax(d=2),black,d61141ff,3,1,31
QSearchMinimax(d=2),black,d61141ff,3,2,1
QSearchMinimax(d=2),black,d61141ff,4,-1,125
QSearchMinimax(d=2),black,d61141ff,4,0,159
QSearchMinimax(d=2),black,d61141ff,4,1,29
QSearchMinimax(d=2),black,d61141ff,4,2,1
QSearchMinimax(d=2),black,d61141ff,5,-1,101
QSearchMinimax(d=2),black,d61141ff,5,0,125
QSearchMinimax(d=2),black,d61141ff,5,1,28
QSearchMinimax(d=2),black,d61141ff,5,2,1
QSearchMinimax(d=2),black,d61141ff,6,-1,353
QSearchMinimax(d=2),black,d61141ff,6,0,252
QSearchMinimax(d=2),black,d61141ff,6,1,23
QSearchMinimax(d=2),black,d61141ff,6,2,1
QSearchMinimax(d=2),black,d61141ff,7,-1,307
QSearchMinimax(d=2),black,d61141ff,7,0,201
QSearchMinimax(d=2),black,d61141ff,7,1,23
QSearchMinimax(d=2),black,d61141ff,7,2,1
QSearchMinimax(d=2),black,d61141ff,8,-1,253
QSearchMinimax(d=2),black,d61141ff,8,0,193
QSearchMinimax(d=2),black,d61141ff,8,1,24
QSearchMinimax(d=2),black,d61141ff,8,2,1
QSearchMinimax(d=2),black,d61141ff,9,-1,216
QSearchMinimax(d=2),black,d61141ff,9,0,135
QSearchMinimax(d=2),black,d61141ff,9,1,24
QSearchMinimax(d=2),black,d61141ff,9,2,1
QSearchMinimax(d=2),black,d61141ff,10,-1,125
QSearchMinimax(d=2),black,d61141ff,10,0,106
QSearchMinimax(d=2),black,d61141ff,10,1,24
QSearchMinimax(d=2),black,d61141ff,10,2,1
QSearchMinimax(d=2),black,d61141ff,11,-1,158
QSearchMinimax(d=2),black,d61141ff,11,0,116
QSearchMinimax(d=2),black,d61141ff,11,1,24
QSearchMinimax(d=2),black,d61141ff,11,2,1
QSearchMinimax(d=2),black,d61141ff,12,-1,166
QSearchMinimax(d=2),black,d61141ff,12,0,124
QSearchMinimax(d=2),black,d61141ff,12,1,23
QSearchMinimax(d=2),black,d61141ff,12,2,1
QSearchMinimax(d=2),black,d61141ff,13,-1,245
QSearchMinimax(d=2),black,d61141ff,13,0,160
QSearchMinimax(d=2),black,d61141ff,13,1,25
QSearchMinimax(d=2),black,d61141ff,13,2,1
QSearchMinimax(d=2),black,d61141ff,14,-1,236
QSearchMinimax(d=2),black,d61141ff,14,0,150
QSearchMinimax(d=2),black,d61141ff,14,1,25
QSearchMinimax(d=2),black,d61141ff,14,2,1
QSearchMinimax(d=2),black,d61141ff,15,-1,225
QSearchMinimax(d=2),black,d61141ff,15,0,133
QSearchMinimax(d=2),black,d61141ff,15,1,26
QSearchMinimax(d=2),black,d61141ff,15,2,1
QSearchMinimax(d=2),black,d61141ff,16,-1,462
QSearchMinimax(d=2),black,d61141ff,16,0,355
QSearchMinimax(d=2),black,d61141ff,16,1,26
QSearchMinimax(d=2),black,d61141ff,16,2,1
QSearchMinimax(d=2),black,d61141ff,17,-1,462
QSearchMinimax(d=2),black,d61141ff,17,0,369
QSearchMinimax(d=2),black,d61141ff,17,1,26
QSearchMinimax(d=2),black,d61141ff,17,2,1
QSearchMinimax(d=2),black,d61141ff,18,-1,248
QSearchMinimax(d=2),black,d61141ff,18,0,182
QSearchMinimax(d=2),black,d61141ff,18,1,28
QSearchMinimax(d=2),black,d61141ff,18,2,1
QSearchMinimax(d=2),black,d61141ff,19,-1,252
QSearchMinimax(d=2),black,d61141ff,19,0,166
QSearchMinimax(d=2),black,d61141ff,19,1,24
QSearchMinimax(d=2),black,d61141ff,19,2,1
QSearchMinimax(d=2),black,d61141ff,20,-1,369
QSearchMinimax(d=2),black,d61141ff,20,0,186
QSearchMinimax(d=2),black,d61141ff,20,1,29
QSearchMinimax(d=2),black,d61141ff,20,2,1
QSearchMinimax(d=2),black,d61141ff,21,-1,206
QSearchMinimax(d=2),black,d61141ff,21,0,151
QSearchMinimax(d=2),black,d61141ff,21,1,24
QSearchMinimax(d=2),black,d61141ff,21,2,1
QSearchMinimax(d=2),black,d61141ff,22,-1,393
QSearchMinimax(d=2),black,d61141ff,22,0,289
QSearchMinimax(d=2),black,d61141ff,22,1,22
QSearchMinimax(d=2),black,d61141ff,22,2,1
QSearchMinimax(d=2),black,d61141ff,23,-1,232
QSearchMinimax(d=2),black,d61141ff,23,0,159
QSearchMinimax(d=2),black,d61141ff,23,1,24
QSearchMinimax(d=2),black,d61141ff,23,2,1
QSearchMinimax(d=2),black,d61141ff,24,-1,292
QSearchMinimax(d=2),black,d61141ff,24,0,198
QSearchMinimax(d=2),black,d61141ff,24,1,26
QSearchMinimax(d=2),black,d61141ff,24,2,1
QSearchMinimax(d=2),black,d61141ff,25,-1,225
QSearchMinimax(d=2),black,d61141ff,25,0,145
QSearchMinimax(d=2),black,d61141ff,25,1,27
QSearchMinimax(d=2),black,d61141ff,25,2,1
QSearchMinimax(d=2),black,d61141ff,26,-1,155
QSearchMinimax(d=2),black,d61141ff,26,0,124
QSearchMinimax(d=2),black,d61141ff,26,1,21
QSearchMinimax(d=2),black,d61141ff,26,2,1
QSearchMinimax(d=2),black,d61141ff,27,-1,270
QSearchMinimax(d=2),black,d61141ff,27,0,169
QSearchMinimax(d=2),black,d61141ff,27,1,26
QSearchMinimax(d=2),black,d61141ff,27,2,1
QSearchMinimax(d=2),black,d61141ff,28,-1,217
QSearchMinimax(d=2),black,d61141ff,28,0,164
QSearchMinimax(d=2),black,d61141ff,28,1,23
QSearchMinimax(d=2),black,d61141ff,28,2,1
QSearchMinimax(d=2),black,d61141ff,29,-1,299
QSearchMinimax(d=2),black,d61141ff,29,0,215
QSearchMinimax(d=2),black,d61141ff,29,1,23
QSearchMinimax(d=2),black,d61141ff,29,2,1
QSearchMinimax(d=2),black,d61141ff,30,-1,277
QSearchMinimax(d=2),black,d61141ff,30,0,180
QSearchMinimax(d=2),black,d61141ff,30,1,25
QSearchMinimax(d=2),black,d61141ff,30,2,1
QSearchMinimax(d=2),black,d61141ff,31,-1,304
QSearchMinimax(d=2),black,d61141ff,31,0,194
QSearchMinimax(d=2),black,d61141ff,31,1,26
QSearchMinimax(d=2),black,d61141ff,31,2,1
QSearchMinimax(d=2),black,d61141ff,32,-1,252
QSearchMinimax(d=2),black,d61141ff,32,0,179
QSearchMinimax(d=2),black,d61141ff,32,1,24
QSearchMinimax(d=2),black,d61141ff,32,2,1
QSearchMinimax(d=2),black,d61141ff,33,-1,299
QSearchMinimax(d=2),black,d61141ff,33,0,205
QSearchMinimax(d=2),black,d61141ff,33,1,27
QSearchMinimax(d=2),black,d61141ff,33,2,1
QSearchMinimax(d=2),black,d61141ff,34,-1,274
QSearchMinimax(d=2),black,d61141ff,34,0,197
QSearchMinimax(d=2),black,d61141ff,34,1,27
QSearchMinimax(d=2),black,d61141ff,34,2,1
QSearchMinimax(d=2),black,d61141ff,35,-1,299
QSearchMinimax(d=2),black,d61141ff,35,0,205
QSearchMinimax(d=2),black,d61141ff,35,1,27
QSearchMinimax(d=2),black,d61141ff,35,2,1
QSearchMinimax(d=2),black,d61141ff,36,-1,311
QSearchMinimax(d=2),black,d61141ff,36,0,174
QSearchMinimax(d=2),black,d61141ff,36,1,27
QSearchMinimax(d=2),black,d61141ff,36,2,1
QSearchMinimax(d=2),black,d61141ff,37,-1,293
QSearchMinimax(d=2),black,d61141ff,37,0,216
QSearchMinimax(d=2),black,d61141ff,37,1,27
QSearchMinimax(d=2),black,d61141ff,37,2,1
QSearchMinimax(d=2),black,d61141ff,38,-1,360
QSearchMinimax(d=2),black,d61141ff,38,0,208
QSearchMinimax(d=2),black,d61141ff,38,1,27
QSearchMinimax(d=2),black,d61141ff,38,2,1
QSearchMinimax(d=2),black,d61141ff,39,-1,289
QSearchMinimax(d=2),black,d61141ff,39,0,212
QSearchMinimax(d=2),black,d61141ff,39,1,27
QSearchMinimax(d=2),black,d61141ff,39,2,1
QSearchMinimax(d=2),black,d61141ff,40,-1,293
QSearchMinimax(d=2),black,d61141ff,40,0,226
QSearchMinimax(d=2),black,d61141ff,40,1,24
QSearchMinimax(d=2),black,d61141ff,40,2,1
QSearchMinimax(d=2),black,d61141ff,41,-1,373
QSearchMinimax(d=2),black,d61141ff,41,0,268
QSearchMinimax(d=2),black,d61141ff,41,1,23
QSearchMinimax(d=2),black,d61141ff,41,2,1
QSearchMinimax(d=2),black,d61141ff,42,-1,418
QSearchMinimax(d=2),black,d61141ff,42,0,325
QSearchMinimax(d=2),black,d61141ff,42,1,24
QSearchMinimax(d=2),black,d61141ff,42,2,1
QSearchMinimax(d=2),black,d61141ff,43,-1,300
QSearchMinimax(d=2),black,d61141ff,43,0,226
QSearchMinimax(d=2),black,d61141ff,43,1,22
QSearchMinimax(d=2),black,d61141ff,43,2,1
QSearchMinimax(d=2),black,d61141ff,44,-1,359
QSearchMinimax(d=2),black,d61141ff,44,0,292
QSearchMinimax(d=2),black,d61141ff,44,1,25
QSearchMinimax(d=2),black,d61141ff,44,2,1
QSearchMinimax(d=2),black,d61141ff,45,-1,258
QSearchMinimax(d=2),black,d61141ff,45,0,197
QSearchMinimax(d=2),black,d61141ff,45,1,21
QSearchMinimax(d=2),black,d61141ff,45,2,1
QSearchMinimax(d=2),black,d61141ff,46,-1,293
QSearchMinimax(d=2),black,d61141ff,46,0,227
QSearchMinimax(d=2),black,d61141ff,46,1,18
QSearchMinimax(d=2),black,d61141ff,46,2,1
QSearchMinimax(d=2),black,d61141ff,47,-1,248
QSearchMinimax(d=2),black,d61141ff,47,0,189
QSearchMinimax(d=2),black,d61141ff,47,1,21
QSearchMinimax(d=2),black,d61141ff,47,2,1
QSearchMinimax(d=2),black,d61141ff,48,-1,351
QSearchMinimax(d=2),black,d61141ff,48,0,227
QSearchMinimax(d=2),black,d61141ff,48,1,28
QSearchMinimax(d=2),black,d61141ff,48,2,1
QSearchMinimax(d=2),black,d61141ff,49,-1,347
QSearchMinimax(d=2),black,d61141ff,49,0,238
QSearchMinimax(d=2),black,d61141ff,49,1,24
QSearchMinimax(d=2),black,d61141ff,49,2,1
QSearchMinimax(d=2),black,d61141ff,50,-1,251
QSearchMinimax(d=2),black,d61141ff,50,0,192
QSearchMinimax(d=2),black,d61141ff,50,1,21
QSearchMinimax(d=2),black,d61141ff,50,2,1
QSearchMinimax(d=2),black,d61141ff,51,-1,272
QSearchMinimax(d=2),black,d61141ff,51,0,214
QSearchMinimax(d=2),black,d61141ff,51,1,22
QSearchMinimax(d=2),black,d61141ff,51,2,1
QSearchMinimax(d=2),black,d61141ff,52,-1,397
QSearchMinimax(d=2),black,d61141ff,52,0,279
QSearchMinimax(d=2),black,d61141ff,52,1,25
QSearchMinimax(d=2),black,d61141ff,52,2,1
QSearchMinimax(d=2),black,d61141ff,53,-1,234
QSearchMinimax(d=2),black,d61141ff,53,0,162
QSearchMinimax(d=2),black,d61141ff,53,1,22
QSearchMinimax(d=2),black,d61141ff,53,2,1
QSearchMinimax(d=2),black,d61141ff,54,-1,221
QSearchMinimax(d=2),black,d61141ff,54,0,140
QSearchMinimax(d=2),black,d61141ff,54,1,26
QSearchMinimax(d=2),black,d61141ff,54,2,1
QSearchMinimax(d=2),black,d61141ff,55,-1,248
QSearchMinimax(d=2),black,d61141ff,55,0,162
QSearchMinimax(d=2),black,d61141ff,55,1,26
QSearchMinimax(d=2),black,d61141ff,55,2,1
QSearchMinimax(d=2),black,d61141ff,56,-1,246
QSearchMinimax(d=2),black,d61141ff,56,0,160
QSearchMinimax(d=2),black,d61141ff,56,1,25
QSearchMinimax(d=2),black,d61141ff,56,2,1
QSearchMinimax(d=2),black,d61141ff,57,-1,188
QSearchMinimax(d=2),black,d61141ff,57,0,128
QSearchMinimax(d=2),black,d61141ff,57,1,21
QSearchMinimax(d=2),black,d61141ff,57,2,1
QSearchMinimax(d=2),black,d61141ff,58,-1,250
QSearchMinimax(d=2),black,d61141ff,58,0,174
QSearchMinimax(d=2),black,d61141ff,58,1,25
QSearchMinimax(d=2),black,d61141ff,58,2,1
QSearchMinimax(d=2),black,d61141ff,59,-1,300
QSearchMinimax(d=2),black,d61141ff,59,0,187
QSearchMinimax(d=2),black,d61141ff,59,1,24
QSearchMinimax(d=2),black,d61141ff,59,2,1
QSearchMinimax(d=2),black,d61141ff,60,-1,188
QSearchMinimax(d=2),black,d61141ff,60,0,128
QSearchMinimax(d=2),black,d61141ff,60,1,21
QSearchMinimax(d=2),black,d61141ff,60,2,1
QSearchMinimax(d=2),black,d61141ff,61,-1,161
QSearchMinimax(d=2),black,d61141ff,61,0,110
QSearchMinimax(d=2),black,d61141ff,61,1,20
QSearchMinimax(d=2),black,d61141ff,61,2,1
QSearchMinimax(d=2),black,d61141ff,62,-1,276
QSearchMinimax(d=2),black,d61141ff,62,0,175
QSearchMinimax(d=2),black,d61141ff,62,1,23
QSearchMinimax(d=2),black,d61141ff,62,2,1
QSearchMinimax(d=2),black,d61141ff,63,-1,161
QSearchMinimax(d=2),black,d61141ff,63,0,110
QSearchMinimax(d=2),black,d61141ff,63,1,20
QSearchMinimax(d=2),black,d61141ff,63,2,1
QSearchMinimax(d=2),black,d61141ff,64,-1,94
QSearchMinimax(d=2),black,d61141ff,64,0,40
QSearchMinimax(d=2),black,d61141ff,64,1,21
QSearchMinimax(d=2),black,d61141ff,64,2,1
QSearchMinimax(d=2),black,d61141ff,65,-1,203
QSearchMinimax(d=2),black,d61141ff,65,0,144
QSearchMinimax(d=2),black,d61141ff,65,1,21
QSearchMinimax(d=2),black,d61141ff,65,2,1
QSearchMinimax(d=2),black,d61141ff,66,-1,241
QSearchMinimax(d=2),black,d61141ff,66,0,134
QSearchMinimax(d=2),black,d61141ff,66,1,23
QSearchMinimax(d=2),black,d61141ff,66,2,1
QSearchMinimax(d=2),black,d61141ff,67,-1,233
QSearchMinimax(d=2),black,d61141ff,67,0,122
QSearchMinimax(d=2),black,d61141ff,67,1,25
QSearchMinimax(d=2),black,d61141ff,67,2,1
QSearchMinimax(d=2),black,d61141ff,68,-1,249
QSearchMinimax(d=2),black,d61141ff,68,0,129
QSearchMinimax(d=2),black,d61141ff,68,1,26
QSearchMinimax(d=2),black,d61141ff,68,2,1
QSearchMinimax(d=2),black,d61141ff,69,-1,253
QSearchMinimax(d=2),black,d61141ff,69,0,137
QSearchMinimax(d=2),black,d61141ff,69,1,24
QSearchMinimax(d=2),black,d61141ff,69,2,1
QSearchMinimax(d=2),black,d61141ff,70,-1,220
QSearchMinimax(d=2),black,d61141ff,70,0,122
QSearchMinimax(d=2),black,d61141ff,70,1,24
QSearchMinimax(d=2),black,d61141ff,70,2,1
QSearchMinimax(d=2),black,d61141ff,71,-1,359
QSearchMinimax(d=2),black,d61141ff,71,0,237
QSearchMinimax(d=2),black,d61141ff,71,1,24
QSearchMinimax(d=2),black,d61141ff,71,2,1
QSearchMinimax(d=2),black,d61141ff,72,-1,181
QSearchMinimax(d=2),black,d61141ff,72,0,124
QSearchMinimax(d=2),black,d61141ff,72,1,29
QSearchMinimax(d=2),black,d61141ff,72,2,1
QSearchMinimax(d=2),black,d61141ff,73,-1,510
QSearchMinimax(d=2),black,d61141ff,73,0,350
QSearchMinimax(d=2),black,d61141ff,73,1,27
QSearchMinimax(d=2),black,d61141ff,73,2,1
QSearchMinimax(d=2),black,d61141ff,74,-1,309
QSearchMinimax(d=2),black,d61141ff,74,0,151
QSearchMinimax(d=2),black,d61141ff,74,1,32
QSearchMinimax(d=2),black,d61141ff,74,2,1
QSearchMinimax(d=2),black,d61141ff,75,-1,430
QSearchMinimax(d=2),black,d61141ff,75,0,164
QSearchMinimax(d=2),black,d61141ff,75,1,30
QSearchMinimax(d=2),black,d61141ff,75,2,1
QSearchMinimax(d=2),black,d61141ff,76,-1,352
QSearchMinimax(d=2),black,d61141ff,76,0,165
QSearchMinimax(d=2),black,d61141ff,76,1,27
QSearchMinimax(d=2),black,d61141ff,76,2,1
QSearchMinimax(d=2),black,d61141ff,77,-1,97
QSearchMinimax(d=2),black,d61141ff,77,0,35
QSearchMinimax(d=2),black,d61141ff,77,1,31
QSearchMinimax(d=2),black,d61141ff,77,2,1
QSearchMinimax(d=2),black,d61141ff,78,-1,66
QSearchMinimax(d=2),black,d61141ff,78,0,39
QSearchMinimax(d=2),black,d61141ff,78,1,23
QSearchMinimax(d=2),black,d61141ff,78,2,1
QSearchMinimax(d=2),black,d61141ff,79,-1,138
QSearchMinimax(d=2),black,d61141ff,79,0,123
QSearchMinimax(d=2),black,d61141ff,79,1,25
QSearchMinimax(d=2),black,d61141ff,79,2,1
QSearchMinimax(d=2),black,d61141ff,80,-1,244
QSearchMinimax(d=2),black,d61141ff,80,0,190
QSearchMinimax(d=2),black,d61141ff,80,1,24
QSearchMinimax(d=2),black,d61141ff,80,2,1
QSearchMinimax(d=2),black,d61141ff,81,-1,235
QSearchMinimax(d=2),black,d61141ff,81,0,188
QSearchMinimax(d=2),black,d61141ff,81,1,25
QSearchMinimax(d=2),black,d61141ff,81,2,1
QSearchMinimax(d=2),black,d61141ff,82,-1,206
QSearchMinimax(d=2),black,d61141ff,82,0,162
QSearchMinimax(d=2),black,d61141ff,82,1,23
QSearchMinimax(d=2),black,d61141ff,82,2,1
QSearchMinimax(d=2),black,d61141ff,83,-1,190
QSearchMinimax(d=2),black,d61141ff,83,0,150
QSearchMinimax(d=2),black,d61141ff,83,1,21
QSearchMinimax(d=2),black,d61141ff,83,2,1
QSearchMinimax(d=2),black,d61141ff,84,-1,218
QSearchMinimax(d=2),black,d61141ff,84,0,176
QSearchMinimax(d=2),black,d61141ff,84,1,23
QSearchMinimax(d=2),black,d61141ff,84,2,1
QSearchMinimax(d=2),black,d61141ff,85,-1,201
QSearchMinimax(d=2),black,d61141ff,85,0,109
QSearchMinimax(d=2),black,d61141ff,85,1,24
QSearchMinimax(d=2),black,d61141ff,85,2,1
QSearchMinimax(d=2),black,d61141ff,86,-1,151
QSearchMinimax(d=2),black,d61141ff,86,0,86
QSearchMinimax(d=2),black,d61141ff,86,1,22
QSearchMinimax(d=2),black,d61141ff,86,2,1
QSearchMinimax(d=2),black,d61141ff,87,-1,172
QSearchMinimax(d=2),black,d61141ff,87,0,112
QSearchMinimax(d=2),black,d61141ff,87,1,21
QSearchMinimax(d=2),black,d61141ff,87,2,1
QSearchMinimax(d=2),black,d61141ff,88,-1,222
QSearchMinimax(d=2),black,d61141ff,88,0,115
QSearchMinimax(d=2),black,d61141ff,88,1,31
QSearchMinimax(d=2),black,d61141ff,88,2,1
QSearchMinimax(d=2),black,d61141ff,89,-1,385
QSearchMinimax(d=2),black,d61141ff,89,0,238
QSearchMinimax(d=2),black,d61141ff,89,1,31
QSearchMinimax(d=2),black,d61141ff,89,2,1
QSearchMinimax(d=2),black,d61141ff,90,-1,33
QSearchMinimax(d=2),black,d61141ff,90,0,26
QSearchMinimax(d=2),black,d61141ff,90,1,5
QSearchMinimax(d=2),black,d61141ff,90,2,1
QSearchMinimax(d=2),black,d61141ff,91,-1,87
QSearchMinimax(d=2),black,d61141ff,91,0,77
QSearchMinimax(d=2),black,d61141ff,91,1,24
QSearchMinimax(d=2),black,d61141ff,91,2,1
QSearchMinimax(d=2),black,d61141ff,92,-1,112
QSearchMinimax(d=2),black,d61141ff,92,0,52
QSearchMinimax(d=2),black,d61141ff,92,1,26
QSearchMinimax(d=2),black,d61141ff,92,2,1
QSearchMinimax(d=2),black,d61141ff,93,-1,20
QSearchMinimax(d=2),black,d61141ff,93,0,27
QSearchMinimax(d=2),black,d61141ff,93,1,5
QSearchMinimax(d=2),black,d61141ff,93,2,1
QSearchMinimax(d=2),black,d61141ff,94,-1,35
QSearchMinimax(d=2),black,d61141ff,94,0,38
QSearchMinimax(d=2),black,d61141ff,94,1,2
QSearchMinimax(d=2),black,d61141ff,94,2,1
QSearchMinimax(d=2),black,d61141ff,95,-1,91
QSearchMinimax(d=2),black,d61141ff,95,0,35
QSearchMinimax(d=2),black,d61141ff,95,1,19
QSearchMinimax(d=2),black,d61141ff,95,2,1
QSearchMinimax(d=2),black,d61141ff,96,-1,227
QSearchMinimax(d=2),black,d61141ff,96,0,164
QSearchMinimax(d=2),black,d61141ff,96,1,20
QSearchMinimax(d=2),black,d61141ff,96,2,1
QSearchMinimax(d=2),black,d61141ff,97,-1,90
QSearchMinimax(d=2),black,d61141ff,97,0,80
QSearchMinimax(d=2),black,d61141ff,97,1,16
QSearchMinimax(d=2),black,d61141ff,97,2,1
QSearchMinimax(d=2),black,d61141ff,98,-1,108
QSearchMinimax(d=2),black,d61141ff,98,0,79
QSearchMinimax(d=2),black,d61141ff,98,1,16
QSearchMinimax(d=2),black,d61141ff,98,2,1
QSearchMinimax(d=2),black,d61141ff,99,-1,130
QSearchMinimax(d=2),black,d61141ff,99,0,79
QSearchMinimax(d=2),black,d61141ff,99,1,11
QSearchMinimax(d=2),black,d61141ff,99,2,1
QSearchMinimax(d=2),black,d61141ff,100,-1,136
QSearchMinimax(d=2),black,d61141ff,100,0,40
QSearchMinimax(d=2),black,d61141ff,100,1,19
QSearchMinimax(d=2),black,d61141ff,100,2,1
QSearchMinimax(d=2),black,d61141ff,101,-1,168
QSearchMinimax(d=2),black,d61141ff,101,0,42
QSearchMinimax(d=2),black,d61141ff,101,1,22
QSearchMinimax(d=2),black,d61141ff,101,2,1
QSearchMinimax(d=2),black,d61141ff,102,-1,112
QSearchMinimax(d=2),black,d61141ff,102,0,45
QSearchMinimax(d=2),black,d61141ff,102,1,20
QSearchMinimax(d=2),black,d61141ff,102,2,1
QSearchMinimax(d=2),black,d61141ff,103,-1,290
QSearchMinimax(d=2),black,d61141ff,103,0,188
QSearchMinimax(d=2),black,d61141ff,103,1,17
QSearchMinimax(d=2),black,d61141ff,103,2,1
QSearchMinimax(d=2),black,d61141ff,104,-1,359
QSearchMinimax(d=2),black,d61141ff,104,0,220
QSearchMinimax(d=2),black,d61141ff,104,1,20
QSearchMinimax(d=2),black,d61141ff,104,2,1
QSearchMinimax(d=2),black,d61141ff,105,-1,329
QSearchMinimax(d=2),black,d61141ff,105,0,237
QSearchMinimax(d=2),black,d61141ff,105,1,20
QSearchMinimax(d=2),black,d61141ff,105,2,1
QSearchMinimax(d=2),black,d61141ff,106,-1,442
QSearchMinimax(d=2),black,d61141ff,106,0,288
QSearchMinimax(d=2),black,d61141ff,106,1,19
QSearchMinimax(d=2),black,d61141ff,106,2,1
QSearchMinimax(d=2),black,d61141ff,107,-1,378
QSearchMinimax(d=2),black,d61141ff,107,0,243
QSearchMinimax(d=2),black,d61141ff,107,1,22
QSearchMinimax(d=2),black,d61141ff,107,2,1
QSearchMinimax(d=2),black,d61141ff,108,-1,131
QSearchMinimax(d=2),black,d61141ff,108,0,45
QSearchMinimax(d=2),black,d61141ff,108,1,28
QSearchMinimax(d=2),black,d61141ff,108,2,1
QSearchMinimax(d=2),black,d61141ff,109,-1,631
QSearchMinimax(d=2),black,d61141ff,109,0,369
QSearchMinimax(d=2),black,d61141ff,109,1,34
QSearchMinimax(d=2),black,d61141ff,109,2,1
QSearchMinimax(d=2),black,d61141ff,110,-1,676
QSearchMinimax(d=2),black,d61141ff,110,0,442
QSearchMinimax(d=2),black,d61141ff,110,1,28
QSearchMinimax(d=2),black,d61141ff,110,2,1
QSearchMinimax(d=2),black,d61141ff,111,-1,553
QSearchMinimax(d=2),black,d61141ff,111,0,372
QSearchMinimax(d=2),black,d61141ff,111,1,28
QSearchMinimax(d=2),black,d61141ff,111,2,1
QSearchMinimax(d=2),black,d61141ff,112,-1,142
QSearchMinimax(d=2),black,d61141ff,112,0,51
QSearchMinimax(d=2),black,d61141ff,112,1,28
QSearchMinimax(d=2),black,d61141ff,112,2,1
QSearchMinimax(d=2),black,d61141ff,113,-1,124
QSearchMinimax(d=2),black,d61141ff,113,0,86
QSearchMinimax(d=2),black,d61141ff,113,1,35
QSearchMinimax(d=2),black,d61141ff,113,2,1
QSearchMinimax(d=2),black,d61141ff,114,-1,379
QSearchMinimax(d=2),black,d61141ff,114,0,235
QSearchMinimax(d=2),black,d61141ff,114,1,32
QSearchMinimax(d=2),black,d61141ff,114,2,1
QSearchMinimax(d=2),black,d61141ff,115,-1,111
QSearchMinimax(d=2),black,d61141ff,115,0,50
QSearchMinimax(d=2),black,d61141ff,115,1,27
QSearchMinimax(d=2),black,d61141ff,115,2,1
QSearchMinimax(d=2),black,d61141ff,116,-1,81
QSearchMinimax(d=2),black,d61141ff,116,0,29
QSearchMinimax(d=2),black,d61141ff,116,1,25
QSearchMinimax(d=2),black,d61141ff,116,2,1
QSearchMinimax(d=2),black,d61141ff,117,-1,73
QSearchMinimax(d=2),black,d61141ff,117,0,77
QSearchMinimax(d=2),black,d61141ff,117,1,25
QSearchMinimax(d=2),black,d61141ff,117,2,1
QSearchMinimax(d=2),black,d61141ff,118,-1,148
QSearchMinimax(d=2),black,d61141ff,118,0,68
QSearchMinimax(d=2),black,d61141ff,118,1,29
QSearchMinimax(d=2),black,d61141ff,118,2,1
QSearchMinimax(d=2),black,d61141ff,119,-1,193
QSearchMinimax(d=2),black,d61141ff,119,0,98
QSearchMinimax(d=2),black,d61141ff,119,1,32
QSearchMinimax(d=2),black,d61141ff,119,2,1
QSearchMinimax(d=2),black,d61141ff,120,-1,81
QSearchMinimax(d=2),black,d61141ff,120,0,107
QSearchMinimax(d=2),black,d61141ff,120,1,28
QSearchMinimax(d=2),black,d61141ff,120,2,1
QSearchMinimax(d=2),black,d61141ff,121,-1,69
QSearchMinimax(d=2),black,d61141ff,121,0,42
QSearchMinimax(d=2),black,d61141ff,121,1,36
QSearchMinimax(d=2),black,d61141ff,121,2,1
QSearchMinimax(d=2),black,d61141ff,122,-1,18
QSearchMinimax(d=2),black,d61141ff,122,0,40
QSearchMinimax(d=2),black,d61141ff,122,1,33
QSearchMinimax(d=2),black,d61141ff,122,2,1
QSearchMinimax(d=2),black,d61141ff,123,-1,23
QSearchMinimax(d=2),black,d61141ff,123,0,29
QSearchMinimax(d=2),black,d61141ff,123,1,28
QSearchMinimax(d=2),black,d61141ff,123,2,1
QSearchMinimax(d=2),black,d61141ff,124,-1,22
QSearchMinimax(d=2),black,d61141ff,124,0,18
QSearchMinimax(d=2),black,d61141ff,124,1,14
QSearchMinimax(d=2),black,d61141ff,124,2,1
QSearchMinimax(d=2),black,d61141ff,125,-1,11
QSearchMinimax(d=2),black,d61141ff,125,0,28
QSearchMinimax(d=2),black,d61141ff,125,1,13
QSearchMinimax(d=2),black,d61141ff,125,2,1
QSearchMinimax(d=2),black,d61141ff,126,-1,17
QSearchMinimax(d=2),black,d61141ff,126,0,31
QSearchMinimax(d=2),black,d61141ff,126,1,14
QSearchMinimax(d=2),black,d61141ff,126,2,1
QSearchMinimax(d=2),black,d61141ff,127,-1,86
QSearchMinimax(d=2),black,d61141ff,127,0,104
QSearchMinimax(d=2),black,d61141ff,127,1,15
QSearchMinimax(d=2),black,d61141ff,127,2,1
QSearchMinimax(d=2),black,d61141ff,128,-1,93
QSearchMinimax(d=2),black,d61141ff,128,0,113
QSearchMinimax(d=2),black,d61141ff,128,1,17
QSearchMinimax(d=2),black,d61141ff,128,2,1
QSearchMinimax(d=2),black,d61141ff,129,-1,106
QSearchMinimax(d=2),black,d61141ff,129,0,95
QSearchMinimax(d=2),black,d61141ff,129,1,15
QSearchMinimax(d=2),black,d61141ff,129,2,1
QSearchMinimax(d=2),black,d61141ff,130,-1,93
QSearchMinimax(d=2),black,d61141ff,130,0,113
QSearchMinimax(d=2),black,d61141ff,130,1,17
QSearchMinimax(d=2),black,d61141ff,130,2,1
QSearchMinimax(d=2),black,d61141ff,131,-1,126
QSearchMinimax(d=2),black,d61141ff,131,0,99
QSearchMinimax(d=2),black,d61141ff,131,1,17
QSearchMinimax(d=2),black,d61141ff,131,2,1
QSearchMinimax(d=2),black,d61141ff,132,-1,43
QSearchMinimax(d=2),black,d61141ff,132,0,46
QSearchMinimax(d=2),black,d61141ff,132,1,17
QSearchMinimax(d=2),black,d61141ff,132,2,1
QSearchMinimax(d=2),black,d61141ff,133,-1,28
QSearchMinimax(d=2),black,d61141ff,133,0,41
QSearchMinimax(d=2),black,d61141ff,133,1,17
QSearchMinimax(d=2),black,d61141ff,133,2,1
QSearchMinimax(d=2),black,d61141ff,134,-1,70
QSearchMinimax(d=2),black,d61141ff,134,0,84
QSearchMinimax(d=2),black,d61141ff,134,1,17
QSearchMinimax(d=2),black,d61141ff,134,2,1
QSearchMinimax(d=2),black,d61141ff,135,-1,25
QSearchMinimax(d=2),black,d61141ff,135,0,24
QSearchMinimax(d=2),black,d61141ff,135,1,16
QSearchMinimax(d=2),black,d61141ff,135,2,1
QSearchMinimax(d=2),black,d61141ff,136,-1,95
QSearchMinimax(d=2),black,d61141ff,136,0,73
QSearchMinimax(d=2),black,d61141ff,136,1,17
QSearchMinimax(d=2),black,d61141ff,136,2,1
QSearchMinimax(d=2),black,d61141ff,137,-1,45
QSearchMinimax(d=2),black,d61141ff,137,0,49
QSearchMinimax(d=2),black,d61141ff,137,1,17
QSearchMinimax(d=2),black,d61141ff,137,2,1
QSearchMinimax(d=2),black,d61141ff,138,-1,64
QSearchMinimax(d=2),black,d61141ff,138,0,22
QSearchMinimax(d=2),black,d61141ff,138,1,16
QSearchMinimax(d=2),black,d61141ff,138,2,1
QSearchMinimax(d=2),black,d61141ff,139,0,24
QSearchMinimax(d=2),black,d61141ff,139,1,13
QSearchMinimax(d=2),black,d61141ff,139,2,1
QSearchMinimax(d=2),black,d61141ff,140,0,20
QSearchMinimax(d=2),black,d61141ff,140,1,13
QSearchMinimax(d=2),black,d61141ff,140,2,1
QSearchMinimax(d=2),black,d61141ff,141,0,29
QSearchMinimax(d=2),black,d61141ff,141,1,17
QSearchMinimax(d=2),black,d61141ff,141,2,1
QSearchMinimax(d=2),black,d61141ff,142,0,47
QSearchMinimax(d=2),black,d61141ff,142,1,17
QSearchMinimax(d=2),black,d61141ff,142,2,1
QSearchMinimax(d=2),black,d61141ff,143,-1,7
QSearchMinimax(d=2),black,d61141ff,143,0,25
QSearchMinimax(d=2),black,d61141ff,143,1,16
QSearchMinimax(d=2),black,d61141ff,143,2,1
QSearchMinimax(d=2),black,d61141ff,144,-1,60
QSearchMinimax(d=2),black,d61141ff,144,0,23
QSearchMinimax(d=2),black,d61141ff,144,1,19
QSearchMinimax(d=2),black,d61141ff,144,2,1
QSearchMinimax(d=2),black,d61141ff,145,0,39
QSearchMinimax(d=2),black,d61141ff,145,1,36
QSearchMinimax(d=2),black,d61141ff,145,2,1
QSearchMinimax(d=2),black,d61141ff,146,0,50
QSearchMinimax(d=2),black,d61141ff,146,1,35
QSearchMinimax(d=2),black,d61141ff,146,2,1
QSearchMinimax(d=2),black,d61141ff,147,0,42
QSearchMinimax(d=2),black,d61141ff,147,1,37
QSearchMinimax(d=2),black,d61141ff,147,2,1
QSearchMinimax(d=2),black,d61141ff,148,0,43
QSearchMinimax(d=2),black,d61141ff,148,1,39
QSearchMinimax(d=2),black,d61141ff,148,2,1
QSearchMinimax(d=2),black,d61141ff,149,0,78
QSearchMinimax(d=2),black,d61141ff,149,1,39
QSearchMinimax(d=2),black,d61141ff,149,2,1
QSearchMinimax(d=2),black,d61141ff,150,0,40
QSearchMinimax(d=2),black,d61141ff,150,1,37
QSearchMinimax(d=2),black,d61141ff,150,2,1
QSearchMinimax(d=2),black,d61141ff,151,0,50
QSearchMinimax(d=2),black,d61141ff,151,1,38
QSearchMinimax(d=2),black,d61141ff,151,2,1
QSearchMinimax(d=2),black,d61141ff,152,0,37
QSearchMinimax(d=2),black,d61141ff,152,1,35
QSearchMinimax(d=2),black,d61141ff,152,2,1
QSearchMinimax(d=2),black,d61141ff,153,0,86
QSearchMinimax(d=2),black,d61141ff,153,1,34
QSearchMinimax(d=2),black,d61141ff,153,2,1
QSearchMinimax(d=2),black,d61141ff,154,0,48
QSearchMinimax(d=2),black,d61141ff,154,1,37
QSearchMinimax(d=2),black,d61141ff,154,2,1
